{"cameraMode":{"drawMode":0,"name":"Shaded","section":"Shading Mode"},"sceneLighting":true,"audioPlay":false,"sceneViewState":{"showFog":true,"showMaterialUpdate":false,"showSkybox":true,"showFlares":true,"showImageEffects":true,"showParticleSystems":true},"in2DMode":false,"pivot":{"x":-3.7867488861083986,"y":6.1511735916137699,"z":-4.173621654510498},"rotation":{"x":0.2750684320926666,"y":0.14553146064281465,"z":-0.04216385260224342,"w":0.9494104385375977},"size":16.51357650756836,"orthographic":false}