{"cameraMode":{"drawMode":0,"name":"Shaded","section":"Shading Mode"},"sceneLighting":false,"audioPlay":false,"sceneViewState":{"showFog":true,"showMaterialUpdate":false,"showSkybox":true,"showFlares":true,"showImageEffects":true,"showParticleSystems":true},"in2DMode":false,"pivot":{"x":-1.0253958702087403,"y":1.613957166671753,"z":-0.4773697853088379},"rotation":{"x":-0.3406464457511902,"y":-0.41766268014907839,"z":0.1725671887397766,"w":-0.8244625329971314},"size":4.905381202697754,"orthographic":false}